order_id,payment_id,email,order_date,delivery_date,delivery_address_id,return_address_id
1,1,frederic@yahoo.com,2019-01-20,2019-03-03,1,2
2,2,stinson@aol.com,2019-01-31,2019-03-26,2,3
3,3,cgcra@verizon.net,2019-01-18,2019-03-04,3,4
4,4,meinkej@att.net,2019-01-12,2019-03-13,4,5
5,5,jmorris@outlook.com,2019-01-09,2019-03-31,5,6
6,6,nachbaur@live.com,2019-01-02,2019-03-30,6,7
7,7,zeitlin@aol.com,2019-01-18,2019-03-05,7,8
8,8,wildfire@gmail.com,2019-01-25,2019-03-06,8,9
9,9,jpflip@icloud.com,2019-01-10,2019-03-03,9,10
10,10,trygstad@outlook.com,2019-01-17,2019-03-19,10,11
11,11,monopole@hotmail.com,2019-01-25,2019-03-11,11,12
12,12,arnold@comcast.net,2019-01-27,2019-03-11,12,13
13,13,nogin@yahoo.ca,2019-01-18,2019-03-27,13,14
14,14,paulv@me.com,2019-01-20,2019-03-18,14,15
15,15,duchamp@live.com,2019-01-08,2019-03-31,15,16
16,16,novanet@icloud.com,2019-01-16,2019-03-21,16,17
17,17,skaufman@optonline.net,2019-01-13,2019-03-17,17,18
18,18,multiplx@me.com,2019-01-20,2019-03-05,18,19
19,19,birddog@att.net,2019-01-08,2019-03-22,19,20
20,20,aukjan@outlook.com,2019-01-04,2019-03-19,20,1
21,21,frederic@yahoo.com,2019-01-20,2019-12-03,1,2
22,21,frederic@yahoo.com,2019-01-20,2019-12-03,1,4
